id,username,password,name,email,avatarUrl,phone,location,insurance,specialisation,price,description
1,cmcilwraith0,eDWVE9Cc3rwp,Cesare McIlwraith,cmcilwraith0@uiuc.edu,https://robohash.org/cupiditatedictaet.png?size=250x250&set=set1,+86-392-180-6901,Oklahoma City,Aetna,Hematology,42.44,"In hac habitasse platea dictumst. Maecenas ut massa quis augue luctus tincidunt. Nulla mollis molestie lorem. Quisque ut erat. Curabitur gravida nisi at nibh. In hac habitasse platea dictumst. Aliquam augue quam, sollicitudin vitae, consectetuer eget, rutrum at, lorem."
2,sesson1,hyW08Cru9t,Sybila Esson,sesson1@reverbnation.com,https://robohash.org/quasiteneturipsum.png?size=250x250&set=set1,+55-416-160-2435,Seattle,Kaiser Permanente,Immumnology,74.38,"Duis ac nibh. Fusce lacus purus, aliquet at, feugiat non, pretium quis, lectus. Suspendisse potenti. In eleifend quam a odio. In hac habitasse platea dictumst. Maecenas ut massa quis augue luctus tincidunt. Nulla mollis molestie lorem. Quisque ut erat. Curabitur gravida nisi at nibh."
3,ifirle2,MTkJDgmJoZy8,Ives Firle,ifirle2@ycombinator.com,https://robohash.org/quamarchitectoconsequuntur.png?size=250x250&set=set1,+86-470-356-3078,New York,Premera Blue Cross,Oncology,98.07,Etiam faucibus cursus urna. Ut tellus. Nulla ut erat id mauris vulputate elementum. Nullam varius. Nulla facilisi. Cras non velit nec nisi vulputate nonummy. Maecenas tincidunt lacus at velit. Vivamus vel nulla eget eros elementum pellentesque. Quisque porta volutpat erat.
4,mkornalik3,qHfPPygyIX,Maddy Kornalik,mkornalik3@domainmarket.com,https://robohash.org/nobiseiusdolores.png?size=250x250&set=set1,+49-350-429-1796,San Jose,Fidelis Care,Hematology,99.09,Duis bibendum. Morbi non quam nec dui luctus rutrum. Nulla tellus.
5,mmcewan4,dmgutJ7VY,Matt McEwan,mmcewan4@clickbank.net,https://robohash.org/omnismagniet.png?size=250x250&set=set1,+7-766-471-7193,Oklahoma City,Kaiser Permanente,Hematology,53.71,"Pellentesque at nulla. Suspendisse potenti. Cras in purus eu magna vulputate luctus. Cum sociis natoque penatibus et magnis dis parturient montes, nascetur ridiculus mus. Vivamus vestibulum sagittis sapien. Cum sociis natoque penatibus et magnis dis parturient montes, nascetur ridiculus mus. Etiam vel augue. Vestibulum rutrum rutrum neque."
6,kchomicki5,YAo2UKEvJp,Kris Chomicki,kchomicki5@sciencedaily.com,https://robohash.org/oditquiased.png?size=250x250&set=set1,+359-256-353-6849,Fort Worth,Mutual of Omaha,Hematology,91.96,"Lorem ipsum dolor sit amet, consectetuer adipiscing elit. Proin interdum mauris non ligula pellentesque ultrices. Phasellus id sapien in sapien iaculis congue. Vivamus metus arcu, adipiscing molestie, hendrerit at, vulputate vitae, nisl. Aenean lectus. Pellentesque eget nunc. Donec quis orci eget orci vehicula condimentum."
7,fjacobssen6,KfWGBVUf,Fayina Jacobssen,fjacobssen6@a8.net,https://robohash.org/aliquidetfugit.png?size=250x250&set=set1,+95-498-792-3415,Charlotte,United American Insurance Company,Oncology,25.42,"Proin risus. Praesent lectus. Vestibulum quam sapien, varius ut, blandit non, interdum in, ante. Vestibulum ante ipsum primis in faucibus orci luctus et ultrices posuere cubilia Curae; Duis faucibus accumsan odio. Curabitur convallis. Duis consequat dui nec nisi volutpat eleifend."
8,odallicoat7,jmvyzPfhvhU5,Otis Dallicoat,odallicoat7@patch.com,https://robohash.org/atquenesciuntdicta.png?size=250x250&set=set1,+86-746-828-1827,San Jose,Fidelis Care,Laboratory,77.55,Aenean auctor gravida sem. Praesent id massa id nisl venenatis lacinia.
9,scownden8,F1IcIUZNBxRN,Sibilla Cownden,scownden8@globo.com,https://robohash.org/inomnissaepe.png?size=250x250&set=set1,+81-563-284-9095,Denver,Bankers Life and Casualty,Hematology,88.74,"Quisque porta volutpat erat. Quisque erat eros, viverra eget, congue eget, semper rutrum, nulla."
10,rryburn9,GwLJo2uP,Rickert Ryburn,rryburn9@de.vu,https://robohash.org/utsequidignissimos.png?size=250x250&set=set1,+55-621-619-4187,Dallas,American Family Insurance,Laboratory,71.48,Etiam pretium iaculis justo. In hac habitasse platea dictumst. Etiam faucibus cursus urna. Ut tellus. Nulla ut erat id mauris vulputate elementum. Nullam varius. Nulla facilisi. Cras non velit nec nisi vulputate nonummy. Maecenas tincidunt lacus at velit.
11,jyvensa,lFVnsQ,Jyoti Yvens,jyvensa@thetimes.co.uk,https://robohash.org/nequesedquasi.png?size=250x250&set=set1,+52-265-367-4553,New York,Mutual of Omaha,Hematology,40.38,"In sagittis dui vel nisl. Duis ac nibh. Fusce lacus purus, aliquet at, feugiat non, pretium quis, lectus. Suspendisse potenti. In eleifend quam a odio. In hac habitasse platea dictumst. Maecenas ut massa quis augue luctus tincidunt. Nulla mollis molestie lorem. Quisque ut erat."
12,hortab,P85tGfoHXV,Hanson Orta,hortab@psu.edu,https://robohash.org/voluptatemdoloremesse.png?size=250x250&set=set1,+55-402-459-5524,Fort Worth,Conseco,Laboratory,14.91,"Duis aliquam convallis nunc. Proin at turpis a pede posuere nonummy. Integer non velit. Donec diam neque, vestibulum eget, vulputate ut, ultrices vel, augue. Vestibulum ante ipsum primis in faucibus orci luctus et ultrices posuere cubilia Curae; Donec pharetra, magna vestibulum aliquet ultrices, erat tortor sollicitudin mi, sit amet lobortis sapien sapien non mi."
13,edevenniec,eqcX54TgZ,Erasmus Devennie,edevenniec@booking.com,https://robohash.org/perferendisnullanihil.png?size=250x250&set=set1,+86-115-592-5702,Indianapolis,American Family Insurance,Psychiatry,53.64,"Vivamus vestibulum sagittis sapien. Cum sociis natoque penatibus et magnis dis parturient montes, nascetur ridiculus mus. Etiam vel augue."
14,abighamd,oZVAhPW2,Ardenia Bigham,abighamd@altervista.org,https://robohash.org/ipsaeosbeatae.png?size=250x250&set=set1,+86-500-492-3041,Philadelphia,Thrivent Financial for Lutherans,Hematology,99.26,Vivamus vel nulla eget eros elementum pellentesque. Quisque porta volutpat erat.
15,ndoxeye,Ee2koocvGR1R,Nancy Doxey,ndoxeye@rediff.com,https://robohash.org/etquisipsum.png?size=250x250&set=set1,+44-672-564-1480,Jacksonville,American Family Insurance,Opthalmology,59.54,"In sagittis dui vel nisl. Duis ac nibh. Fusce lacus purus, aliquet at, feugiat non, pretium quis, lectus. Suspendisse potenti. In eleifend quam a odio. In hac habitasse platea dictumst. Maecenas ut massa quis augue luctus tincidunt. Nulla mollis molestie lorem. Quisque ut erat."
16,ddevonsf,EVI3ZT,Darell Devons,ddevonsf@example.com,https://robohash.org/idprovidentconsequatur.png?size=250x250&set=set1,+36-125-184-5589,Indianapolis,Fidelis Care,Psychiatry,21.91,"Curabitur convallis. Duis consequat dui nec nisi volutpat eleifend. Donec ut dolor. Morbi vel lectus in quam fringilla rhoncus. Mauris enim leo, rhoncus sed, vestibulum sit amet, cursus id, turpis."
17,fswiggerg,nneHcDk8,Fidelity Swigger,fswiggerg@time.com,https://robohash.org/laboreassumendaconsequatur.png?size=250x250&set=set1,+54-592-748-6053,San Antonio,Kaiser Permanente,Oncology,31.6,"Morbi non lectus. Aliquam sit amet diam in magna bibendum imperdiet. Nullam orci pede, venenatis non, sodales sed, tincidunt eu, felis. Fusce posuere felis sed lacus. Morbi sem mauris, laoreet ut, rhoncus aliquet, pulvinar sed, nisl. Nunc rhoncus dui vel sem. Sed sagittis. Nam congue, risus semper porta volutpat, quam pede lobortis ligula, sit amet eleifend pede libero quis orci. Nullam molestie nibh in lectus. Pellentesque at nulla."
18,gguerreauh,FwR7ZTSlKld,Gardener Guerreau,gguerreauh@tuttocitta.it,https://robohash.org/faceredeseruntnemo.png?size=250x250&set=set1,+386-829-477-2975,Phoenix,Premera Blue Cross,Dental,40.32,"Pellentesque ultrices mattis odio. Donec vitae nisi. Nam ultrices, libero non mattis pulvinar, nulla pede ullamcorper augue, a suscipit nulla elit ac nulla. Sed vel enim sit amet nunc viverra dapibus. Nulla suscipit ligula in lacus. Curabitur at ipsum ac tellus semper interdum."
19,dstazikeri,dIJAC9Fa,Devonne Staziker,dstazikeri@wikispaces.com,https://robohash.org/blanditiisametlibero.png?size=250x250&set=set1,+351-790-616-5343,San Jose,United American Insurance Company,Cardiology,25.5,"Quisque ut erat. Curabitur gravida nisi at nibh. In hac habitasse platea dictumst. Aliquam augue quam, sollicitudin vitae, consectetuer eget, rutrum at, lorem. Integer tincidunt ante vel ipsum. Praesent blandit lacinia erat. Vestibulum sed magna at nunc commodo placerat. Praesent blandit."
20,mmeusj,c9BlZeTqZBK,Merilee Meus,mmeusj@tuttocitta.it,https://robohash.org/facereabdeserunt.png?size=250x250&set=set1,+62-115-322-7945,Austin,Mutual of Omaha,Laboratory,66.07,"Morbi vel lectus in quam fringilla rhoncus. Mauris enim leo, rhoncus sed, vestibulum sit amet, cursus id, turpis. Integer aliquet, massa id lobortis convallis, tortor risus dapibus augue, vel accumsan tellus nisi eu orci. Mauris lacinia sapien quis libero. Nullam sit amet turpis elementum ligula vehicula consequat. Morbi a ipsum. Integer a nibh. In quis justo. Maecenas rhoncus aliquam lacus."
21,rsweenyk,FhfKWp0,Randa Sweeny,rsweenyk@economist.com,https://robohash.org/doloresinciduntvoluptatum.png?size=250x250&set=set1,+62-685-178-8029,Charlotte,Conseco,Cardiology,68.84,"Quisque erat eros, viverra eget, congue eget, semper rutrum, nulla. Nunc purus. Phasellus in felis. Donec semper sapien a libero. Nam dui. Proin leo odio, porttitor id, consequat in, consequat ut, nulla. Sed accumsan felis. Ut at dolor quis odio consequat varius."
22,cteasdalemarkiel,HXnAQHHz,Chastity Teasdale-Markie,cteasdalemarkiel@4shared.com,https://robohash.org/estquaeprovident.png?size=250x250&set=set1,+81-112-286-7510,San Jose,Premera Blue Cross,Dental,23.38,Vestibulum ante ipsum primis in faucibus orci luctus et ultrices posuere cubilia Curae; Mauris viverra diam vitae quam. Suspendisse potenti. Nullam porttitor lacus at turpis. Donec posuere metus vitae ipsum.
23,wyanceym,8tpuRj,Walt Yancey,wyanceym@infoseek.co.jp,https://robohash.org/autoccaecatiut.png?size=250x250&set=set1,+385-972-130-2122,Fort Worth,Fidelis Care,Opthalmology,39.65,Nullam varius. Nulla facilisi. Cras non velit nec nisi vulputate nonummy. Maecenas tincidunt lacus at velit. Vivamus vel nulla eget eros elementum pellentesque.
24,lspondleyn,dwY94Q,Loella Spondley,lspondleyn@storify.com,https://robohash.org/rerumatoptio.png?size=250x250&set=set1,+385-961-328-9116,Columbus,Kaiser Permanente,Opthalmology,15.33,"Aenean sit amet justo. Morbi ut odio. Cras mi pede, malesuada in, imperdiet et, commodo vulputate, justo."
25,lbelvardo,5oBwkA7SejF,Lorna Belvard,lbelvardo@discovery.com,https://robohash.org/ethicfacere.png?size=250x250&set=set1,+62-964-533-8035,Fort Worth,Mutual of Omaha,Laboratory,88.87,"Suspendisse potenti. Cras in purus eu magna vulputate luctus. Cum sociis natoque penatibus et magnis dis parturient montes, nascetur ridiculus mus. Vivamus vestibulum sagittis sapien. Cum sociis natoque penatibus et magnis dis parturient montes, nascetur ridiculus mus. Etiam vel augue. Vestibulum rutrum rutrum neque. Aenean auctor gravida sem."
26,wgherardescip,quVfoPfpsN,Willa Gherardesci,wgherardescip@mysql.com,https://robohash.org/nonesseautem.png?size=250x250&set=set1,+62-878-175-1217,New York,Aetna,Laboratory,70.03,Cras non velit nec nisi vulputate nonummy. Maecenas tincidunt lacus at velit.
27,wlemasneyq,KDLUKXHg,Winnah Lemasney,wlemasneyq@un.org,https://robohash.org/molestiaemolestiaeet.png?size=250x250&set=set1,+351-988-698-1156,New York,Mutual of Omaha,Psychiatry,53.14,"Nam dui. Proin leo odio, porttitor id, consequat in, consequat ut, nulla. Sed accumsan felis. Ut at dolor quis odio consequat varius. Integer ac leo. Pellentesque ultrices mattis odio. Donec vitae nisi. Nam ultrices, libero non mattis pulvinar, nulla pede ullamcorper augue, a suscipit nulla elit ac nulla."
28,lmaccullochr,NNWKEr,Loree MacCulloch,lmaccullochr@qq.com,https://robohash.org/commodirepudiandaeaut.png?size=250x250&set=set1,+503-946-479-2360,New York,Aetna,Immumnology,76.28,"Duis at velit eu est congue elementum. In hac habitasse platea dictumst. Morbi vestibulum, velit id pretium iaculis, diam erat fermentum justo, nec condimentum neque sapien placerat ante. Nulla justo. Aliquam quis turpis eget elit sodales scelerisque. Mauris sit amet eros. Suspendisse accumsan tortor quis turpis. Sed ante. Vivamus tortor."
29,dwillshaws,oJAwxjXL2Z3,Daile Willshaw,dwillshaws@google.com,https://robohash.org/autemnamvel.png?size=250x250&set=set1,+504-739-451-5695,Charlotte,United American Insurance Company,Oncology,13.92,"Fusce congue, diam id ornare imperdiet, sapien urna pretium nisl, ut volutpat sapien arcu sed augue. Aliquam erat volutpat. In congue."
30,lhagyardt,rj6qF1JKBg,Lorri Hagyard,lhagyardt@ow.ly,https://robohash.org/quiconsequunturet.png?size=250x250&set=set1,+230-423-483-8968,Columbus,Aetna,Immumnology,61.18,Vestibulum sed magna at nunc commodo placerat.
31,jhupkau,afsgc0EZIS,Julietta Hupka,jhupkau@example.com,https://robohash.org/harumdebitissit.png?size=250x250&set=set1,+86-439-946-0836,Seattle,United American Insurance Company,Hematology,39.0,Sed ante. Vivamus tortor. Duis mattis egestas metus. Aenean fermentum. Donec ut mauris eget massa tempor convallis.
32,hpantryv,NNYMvcb,Hali Pantry,hpantryv@loc.gov,https://robohash.org/rerumquiaconsequuntur.png?size=250x250&set=set1,+381-204-970-0284,San Diego,Fidelis Care,Opthalmology,22.65,Etiam faucibus cursus urna. Ut tellus. Nulla ut erat id mauris vulputate elementum.
33,apenrightw,Kgg4CbJf,Andrej Penright,apenrightw@multiply.com,https://robohash.org/distinctiomolestiasdolorum.png?size=250x250&set=set1,+1-714-989-5791,Seattle,Mutual of Omaha,Dental,55.91,"Duis mattis egestas metus. Aenean fermentum. Donec ut mauris eget massa tempor convallis. Nulla neque libero, convallis eget, eleifend luctus, ultricies eu, nibh. Quisque id justo sit amet sapien dignissim vestibulum. Vestibulum ante ipsum primis in faucibus orci luctus et ultrices posuere cubilia Curae; Nulla dapibus dolor vel est. Donec odio justo, sollicitudin ut, suscipit a, feugiat et, eros. Vestibulum ac est lacinia nisi venenatis tristique. Fusce congue, diam id ornare imperdiet, sapien urna pretium nisl, ut volutpat sapien arcu sed augue. Aliquam erat volutpat."
34,fbangiardx,p7d0c60Fgl,Francklin Bangiard,fbangiardx@prnewswire.com,https://robohash.org/similiquelaborumipsum.png?size=250x250&set=set1,+62-742-944-9389,Jacksonville,Mutual of Omaha,Cardiology,14.46,Etiam faucibus cursus urna. Ut tellus. Nulla ut erat id mauris vulputate elementum.
35,sgutowskiy,fcVorUP5,Sabine Gutowski,sgutowskiy@cnet.com,https://robohash.org/velprovidentveritatis.png?size=250x250&set=set1,+49-874-278-3191,Houston,Aetna,Psychiatry,36.82,Nulla tellus. In sagittis dui vel nisl. Duis ac nibh.
36,mshilitonz,MMvwTJgS,Mora Shiliton,mshilitonz@weibo.com,https://robohash.org/liberoexquibusdam.png?size=250x250&set=set1,+385-164-911-1546,Houston,Thrivent Financial for Lutherans,Hematology,46.53,"In hac habitasse platea dictumst. Morbi vestibulum, velit id pretium iaculis, diam erat fermentum justo, nec condimentum neque sapien placerat ante. Nulla justo."
37,dreucastle10,PypdOxDUmOx,Dilan Reucastle,dreucastle10@so-net.ne.jp,https://robohash.org/consecteturnonfugit.png?size=250x250&set=set1,+351-438-763-8325,Fort Worth,Thrivent Financial for Lutherans,Laboratory,44.42,"Integer tincidunt ante vel ipsum. Praesent blandit lacinia erat. Vestibulum sed magna at nunc commodo placerat. Praesent blandit. Nam nulla. Integer pede justo, lacinia eget, tincidunt eget, tempus vel, pede. Morbi porttitor lorem id ligula. Suspendisse ornare consequat lectus. In est risus, auctor sed, tristique in, tempus sit amet, sem."
38,mthireau11,In93GcP6rpe,Moira Thireau,mthireau11@icio.us,https://robohash.org/asperioresautimpedit.png?size=250x250&set=set1,+976-360-922-9961,Denver,Premera Blue Cross,Oncology,52.45,"Lorem ipsum dolor sit amet, consectetuer adipiscing elit. Proin interdum mauris non ligula pellentesque ultrices. Phasellus id sapien in sapien iaculis congue. Vivamus metus arcu, adipiscing molestie, hendrerit at, vulputate vitae, nisl. Aenean lectus. Pellentesque eget nunc. Donec quis orci eget orci vehicula condimentum. Curabitur in libero ut massa volutpat convallis."
39,mmoynham12,cFC5NqJ,Micky Moynham,mmoynham12@delicious.com,https://robohash.org/minimaplaceatomnis.png?size=250x250&set=set1,+960-240-725-4050,Seattle,Fidelis Care,Hematology,37.43,"Aenean fermentum. Donec ut mauris eget massa tempor convallis. Nulla neque libero, convallis eget, eleifend luctus, ultricies eu, nibh. Quisque id justo sit amet sapien dignissim vestibulum. Vestibulum ante ipsum primis in faucibus orci luctus et ultrices posuere cubilia Curae; Nulla dapibus dolor vel est. Donec odio justo, sollicitudin ut, suscipit a, feugiat et, eros. Vestibulum ac est lacinia nisi venenatis tristique. Fusce congue, diam id ornare imperdiet, sapien urna pretium nisl, ut volutpat sapien arcu sed augue. Aliquam erat volutpat. In congue."
40,wbrumby13,KOi7rPK,Wright Brumby,wbrumby13@shinystat.com,https://robohash.org/aspernaturestoptio.png?size=250x250&set=set1,+251-864-847-3607,Charlotte,Bankers Life and Casualty,Psychiatry,70.41,Nullam porttitor lacus at turpis. Donec posuere metus vitae ipsum. Aliquam non mauris. Morbi non lectus.
41,hlilliman14,s3SPqelj8J,Humfried Lilliman,hlilliman14@clickbank.net,https://robohash.org/aperiammolestiaeomnis.png?size=250x250&set=set1,+351-490-436-1907,San Francisco,Fidelis Care,Cardiology,83.02,"Quisque ut erat. Curabitur gravida nisi at nibh. In hac habitasse platea dictumst. Aliquam augue quam, sollicitudin vitae, consectetuer eget, rutrum at, lorem. Integer tincidunt ante vel ipsum. Praesent blandit lacinia erat. Vestibulum sed magna at nunc commodo placerat. Praesent blandit."
42,bhearse15,eQve7C,Berte Hearse,bhearse15@howstuffworks.com,https://robohash.org/uteligendiimpedit.png?size=250x250&set=set1,+53-474-983-7039,San Francisco,Conseco,Hematology,27.46,"Pellentesque viverra pede ac diam. Cras pellentesque volutpat dui. Maecenas tristique, est et tempus semper, est quam pharetra magna, ac consequat metus sapien ut nunc."
43,cbreckenridge16,uAYYgM6DJ72N,Carly Breckenridge,cbreckenridge16@msu.edu,https://robohash.org/sequinobisatque.png?size=250x250&set=set1,+7-324-901-0710,Fort Worth,Fidelis Care,Psychiatry,10.58,Cras non velit nec nisi vulputate nonummy. Maecenas tincidunt lacus at velit.
44,vqueripel17,2g6wgVE2olb,Viki Queripel,vqueripel17@jigsy.com,https://robohash.org/blanditiisinmolestiae.png?size=250x250&set=set1,+48-878-347-4009,Dallas,Conseco,Immumnology,44.87,"In tempor, turpis nec euismod scelerisque, quam turpis adipiscing lorem, vitae mattis nibh ligula nec sem. Duis aliquam convallis nunc. Proin at turpis a pede posuere nonummy."
45,jsapsford18,kRO3N0qw,Jessalyn Sapsford,jsapsford18@sourceforge.net,https://robohash.org/inidconsequatur.png?size=250x250&set=set1,+86-944-656-7950,Phoenix,Aetna,Psychiatry,70.78,Pellentesque viverra pede ac diam. Cras pellentesque volutpat dui.
46,bdunge19,EkJeAc2S,Bay Dunge,bdunge19@mlb.com,https://robohash.org/quaerataliquidminima.png?size=250x250&set=set1,+1-704-305-0391,Chicago,Conseco,Opthalmology,40.14,"Donec ut dolor. Morbi vel lectus in quam fringilla rhoncus. Mauris enim leo, rhoncus sed, vestibulum sit amet, cursus id, turpis. Integer aliquet, massa id lobortis convallis, tortor risus dapibus augue, vel accumsan tellus nisi eu orci. Mauris lacinia sapien quis libero. Nullam sit amet turpis elementum ligula vehicula consequat. Morbi a ipsum."
47,siacovielli1a,eIQdLb,Sile Iacovielli,siacovielli1a@ftc.gov,https://robohash.org/impeditmolestiasin.png?size=250x250&set=set1,+7-809-331-2090,Indianapolis,Kaiser Permanente,Laboratory,61.09,"Vestibulum quam sapien, varius ut, blandit non, interdum in, ante."
48,monions1b,okzQ1eJt3,Miller O'Nions,monions1b@nymag.com,https://robohash.org/nesciuntfugiatprovident.png?size=250x250&set=set1,+57-191-784-9676,San Antonio,CareSource,Dental,41.82,Proin interdum mauris non ligula pellentesque ultrices. Phasellus id sapien in sapien iaculis congue.
49,llazell1c,qAizPUM0bBu,Leeland Lazell,llazell1c@taobao.com,https://robohash.org/accusantiumessesequi.png?size=250x250&set=set1,+996-159-741-3096,San Diego,Bankers Life and Casualty,Dental,44.55,"Aenean auctor gravida sem. Praesent id massa id nisl venenatis lacinia. Aenean sit amet justo. Morbi ut odio. Cras mi pede, malesuada in, imperdiet et, commodo vulputate, justo. In blandit ultrices enim."
50,bojeda1d,xmWR2Vugw6hH,Belle Ojeda,bojeda1d@constantcontact.com,https://robohash.org/placeateiusqui.png?size=250x250&set=set1,+48-112-115-3109,Chicago,Conseco,Opthalmology,11.27,Nullam porttitor lacus at turpis. Donec posuere metus vitae ipsum.
